"Latest: Time (s)","Latest: Position (m)","Latest: Velocity (m/s)","Latest: Acceleration (m/s²)"
0.0333,0.3268104,-0.590550550551,0.442707082569
0.0666,0.3067792,-0.576473473473,0.486393522874
0.0999,0.28812,-0.560885685686,0.557517644438
0.1332,0.2691864,-0.540880213547,0.684720033124
0.1665,0.2518992,-0.512268268268,0.777821030907
0.1998,0.2357096,-0.496245578912,1.06283304771
0.2331,0.2175992,-0.447948615282,1.54964663251
0.2664,0.2055256,-0.384544544545,1.88187742854
0.2997,0.1929032,-0.334645311979,2.47855630071
0.333,0.1808296,-0.221342008675,3.00382464547
0.3663,0.1778112,-0.100714047381,2.55970462733
0.3996,0.1761648,-0.0354788121455,1.61093748626
0.4329,0.1761648,0.000457791124458,0.757829901974
0.4662,0.176988,0.00595128461795,0.195901607313
0.4995,0.1767136,0.00412012012012,-0.0370418243847
0.5328,0.1772624,-0.000228895562229,-0.109025163524
0.5661,0.1767136,-0.00457791124458,-0.100051113287
0.5994,0.176988,-0.00915582248916,-0.0143202929322
0.6327,0.1758904,-0.00663797130464,0.105397355981
0.666,0.1764392,-0.00137337337337,0.226260628329
0.6993,0.175616,0.00892692692693,0.430945348641
0.7326,0.1775368,0.0155648982316,1.02991546769
0.7659,0.1758904,0.0524170837504,2.25153192343
0.7992,0.1778112,0.177851851852,3.0567142607
0.8325,0.187964,0.298937604271,2.64963606694
0.8658,0.1997632,0.367148481815,1.79500098475
0.8991,0.2134832,0.399880547214,1.34629847287
0.9324,0.2255568,0.445888555222,1.22352582813
0.9657,0.2431184,0.491667667668,0.911916253925
0.999,0.2595824,0.504943610277,0.65720597697
1.0323,0.2763208,0.526230897564,0.632193198649
1.0656,0.2944312,0.549807140474,0.576057650354
1.0989,0.3133648,0.564914247581,0.534242394992
1.1322,0.332024,0.58025025025,0.60660760861
1.1655,0.3515064,0.608175508842,0.581403893049
1.1988,0.3729096,0.625571571572,0.332421733267
1.2321,0.3932152,0.636787454121,-0.129837322586
1.2654,0.4159904,0.623282615949,-0.708759031526
1.2987,0.4360216,0.576816816817,-0.873155994388
1.332,0.454132,0.539277944611,-0.348078586873
1.3653,0.4697728,0.557131798465,0.0935592471573
1.3986,0.4914504,0.573841174508,-0.245736226717
1.4319,0.5095608,0.545000333667,-0.760121148843
1.4652,0.5273968,0.519821821822,-1.13951344293
1.4985,0.546056,0.44977977978,-0.985808965455
1.5318,0.5551112,0.436274941608,-0.398104143516
1.5651,0.573496,0.460766766767,-0.751528973084
1.5984,0.5894112,0.396676009343,-1.38353123449
1.6317,0.599564,0.338307640974,-1.29264510868
1.665,0.61054,0.309695695696,-1.12385658932
1.6983,0.6206928,0.273072405739,-1.14715093249
1.7316,0.6289248,0.232557891225,-1.18839337614
1.7649,0.6360592,0.192958958959,-1.22696269843
1.7982,0.6418216,0.151757757758,-1.28825355218
1.8315,0.646212,0.108496496496,-1.38219467382
1.8648,0.6492304,0.0597417417417,-1.46697080798
1.8981,0.650328,0.00732465799132,-1.44825895855
1.9314,0.6495048,-0.0393700367034,-1.34553472391
1.9647,0.647584,-0.0817157157157,-1.24968422989
1.998,0.6440168,-0.121772439106,-1.1838108824
2.0313,0.639352,-0.158624624625,-1.17789182799
2.0646,0.6335896,-0.198910243577,-1.20729616281
2.0979,0.6261808,-0.241027027027,-1.18171057277
2.1312,0.6174,-0.279252585919,-1.10571755161
2.1645,0.6075216,-0.314960293627,-1.01731360991
2.1978,0.5962712,-0.346318985652,-0.940938714268
2.2311,0.584472,-0.376533199867,-0.891104094863
2.2644,0.5713008,-0.408349683016,-0.789334546425
2.2977,0.5567576,-0.427576910244,-0.734153684326
2.331,0.5430376,-0.451382048715,-0.827712931483
2.3643,0.5271224,-0.486631965299,-0.810337642726
2.3976,0.5101096,-0.508834834835,-0.650523173602
2.4309,0.4936456,-0.535844511178,-0.313900821075
2.4642,0.4736144,-0.537904571238,0.165733523536
2.4975,0.4563272,-0.504943610277,0.0882130044626
2.5308,0.4415096,-0.511123790457,-0.518203666908
2.5641,0.423948,-0.559191858525,-0.62971101454
2.5974,0.4028192,-0.57407007007,-0.163633213906
2.6307,0.3847088,-0.560336336336,0.140911682453
2.664,0.366324,-0.560107440774,0.329366737441
2.6973,0.3468416,-0.543855855856,0.601261365915
2.7306,0.3295544,-0.513870537204,0.701503416441
2.7639,0.3130904,-0.493269936603,0.695011550311
2.7972,0.2966264,-0.470609275943,0.741600236651
2.8305,0.2815344,-0.443141808475,0.767567701168
2.8638,0.2672656,-0.418421087754,0.762221458473
2.8971,0.2535456,-0.39232699366,0.768904261842
2.9304,0.2411976,-0.366232899566,0.787807048512
2.9637,0.2296728,-0.349981314648,1.06103823766
2.997,0.2165016,-0.298022022022,1.3737934353
3.0303,0.2096416,-0.241027027027,1.23383643904
3.0636,0.201684,-0.214246246246,1.03392514971
3.0969,0.1950984,-0.181971971972,1.06943947618
3.1302,0.189336,-0.145119786453,1.1828561962
3.1635,0.18522,-0.100714047381,1.24701110854
3.1968,0.1827504,-0.0590550550551,1.22008895783
3.2301,0.1813784,-0.0199139139139,1.19412149331
3.2634,0.1813784,0.0199139139139,1.18037401209
3.2967,0.1827504,0.0583683683684,1.18056494933
3.33,0.18522,0.0984250917584,1.18132869829
3.3633,0.189336,0.137337337337,1.16490809573
3.3966,0.1942752,0.177851851852,1.09674350137
3.4299,0.2014096,0.211728395062,0.998219885997
3.4632,0.208544,0.241484818151,0.971297735284
3.4965,0.2173248,0.274445779112,0.991728019867
3.5298,0.2266544,0.311069069069,0.9298643544
3.5631,0.2384536,0.337620954288,0.832104487983
3.5964,0.2491552,0.362799466133,0.81568388542
3.6297,0.2623264,0.393929262596,0.750574286888
3.663,0.275772,0.414987654321,0.63620288067
3.6963,0.2900408,0.433757090424,0.583122328201
3.7296,0.304584,0.452755422089,0.56842016079
3.7629,0.3202248,0.471982649316,0.554481742336
3.7962,0.33614,0.48777644311,0.578921708941
3.8295,0.3523296,0.512954954955,0.524695533037
3.8628,0.3707144,0.526917584251,0.322874871312
3.8961,0.3874528,0.536531197865,0.0263493389953
3.9294,0.4066608,0.535844511178,-0.457294687636
3.9627,0.4242224,0.502654654655,-0.794871726359
3.996,0.4401376,0.469922589256,-0.721360889307
4.0293,0.455504,0.440623957291,-0.261584017562
4.0626,0.467852,0.455044377711,0.110934535915
4.0959,0.485688,0.47244044044,-0.17107976623
4.1292,0.5010544,0.446804137471,-0.59171450396
4.1625,0.5153232,0.418649983317,-0.685846562835
4.1958,0.52822,0.404916249583,-0.838405416873
4.2291,0.543312,0.365775108442,-1.04060795308
4.2624,0.5523672,0.329838505172,-1.08375976911
4.2957,0.565264,0.294130797464,-1.11182754326
4.329,0.5723984,0.248580580581,-0.950103701744
4.3623,0.5806304,0.233244577911,-0.858453826978
4.3956,0.588588,0.200970303637,-1.01024893206
4.4289,0.5943504,0.161371371371,-1.06199292385
4.4622,0.5990152,0.127494828161,-1.05072762675
4.4955,0.6028568,0.0931604938272,-1.06313854729
4.5288,0.6053264,0.056994994995,-1.07975008709
4.5621,0.6066984,0.0194561227895,-1.05607386944
4.5954,0.606424,-0.0132759426093,-1.03201577732
4.6287,0.6058752,-0.0473813813814,-1.05110950123
4.662,0.6034056,-0.0844624624625,-1.04137170203
4.6953,0.6001128,-0.11811011011,-1.00089300734
4.7286,0.595448,-0.149697697698,-0.991346145389
4.7619,0.5902344,-0.183116449783,-0.998219885997
4.7952,0.5833744,-0.218824157491,-0.934828722617
4.8285,0.5754168,-0.247664998332,-0.816638571616
4.8618,0.566636,-0.270325658992,-0.767949575646
4.8951,0.5575808,-0.295961961962,-0.788570797469
4.9284,0.5471536,-0.326633967301,-0.725752445806
4.9617,0.5353544,-0.345632298966,-0.636393817909
4.995,0.524104,-0.363486152819,-0.687946872465
5.0283,0.5114816,-0.391182515849,-0.715632772134
5.0616,0.498036,-0.41590323657,-0.57281171729
5.0949,0.4840416,-0.442912912913,-0.0803845776596
5.1282,0.4667544,-0.420938938939,0.344068904852
5.1615,0.4557784,-0.39438705372,0.0381874478193
5.1948,0.441784,-0.404916249583,-0.634866319996
5.2281,0.4299848,-0.448406406406,-0.966715241546
5.2614,0.4121488,-0.497847847848,-0.494909323738
5.2947,0.3945872,-0.487089756423,0.19017349014
5.328,0.3794952,-0.465344678011,0.390466653952
5.3613,0.3644032,-0.458248915582,0.460349683462
5.3946,0.348488,-0.439937270604,0.603743550023
5.4279,0.334768,-0.413614280948,0.637730378582
5.4612,0.3213224,-0.395073740407,0.611571976826
5.4945,0.3084256,-0.37584651318,0.647086303298
5.5278,0.2960776,-0.351812479146,0.683937190444
5.5611,0.2851016,-0.329380714047,0.704367475027
5.5944,0.2741256,-0.306262262262,0.757448027496
5.6277,0.2645216,-0.27833700367,0.799836094575
5.661,0.2557408,-0.253158491825,0.844897283002
5.6943,0.2475088,-0.223173173173,0.893204404493
5.7276,0.2406488,-0.189525525526,0.827903868722
5.7609,0.2351608,-0.163202535869,0.667134713403
5.7942,0.230496,-0.153588922256,0.741027424934
5.8275,0.2241848,-0.12429029029,1.09120632144
5.8608,0.2214408,-0.0734754754755,1.26152233871
5.8941,0.2197944,-0.0331898565232,1.23746424658
5.9274,0.2192456,0.00755355355355,1.21168771931
5.9607,0.2203432,0.0457791124458,1.20023148496
5.994,0.2219896,0.0904137470804,1.10094412063
6.0273,0.2266544,0.125892559226,0.823321374984
6.0606,0.2310448,0.142373039706,0.626083206997
6.0939,0.235984,0.161142475809,0.61710915676
6.1272,0.2417464,0.180827494161,0.703412788832
6.1605,0.2477832,0.207837170504,0.801554529727
6.1938,0.2554664,0.23828028028,0.79048016986
6.2271,0.2639728,0.261169836503,0.74809210278
6.2604,0.2727536,0.286119452786,0.738545240825
6.2937,0.2829064,0.312900233567,0.660833784513
6.327,0.2938824,0.331898565232,0.539206763209
6.3603,0.3051328,0.346776776777,0.470469357134
6.3936,0.316932,0.361654988322,0.459013122788
6.4269,0.32928,0.376075408742,0.489372143804
6.4602,0.3419024,0.392784784785,0.537297390818
6.4935,0.3550736,0.416818818819,0.45003907255
6.5268,0.3701656,0.42826359693,0.214804393984
6.5601,0.38416,0.424372372372,0.111125473154
6.5934,0.3976056,0.436961628295,-0.0486889959696
6.6267,0.4137952,0.433070403737,-0.502164938824
6.66,0.4275152,0.398964964965,-0.809955768247
6.6933,0.4401376,0.368064064064,-0.755729592344
6.7266,0.4522112,0.337163163163,-0.345978277243
6.7599,0.4615408,0.33784984985,0.211558460919
6.7932,0.47334,0.372870870871,0.155422912625
6.8265,0.4878832,0.368521855189,-0.461686244135
6.8598,0.4991336,0.329838505172,-0.799836094575
6.8931,0.5092864,0.300310977644,-0.734344621565
6.9264,0.518616,0.283601601602,-0.678590947749
6.9597,0.5284944,0.260712045379,-0.755729592344
6.993,0.5361776,0.2321001001,-0.822557626028
7.0263,0.5438608,0.204632632633,-0.859217575934
7.0596,0.5498976,0.174418418418,-0.875638178497
7.0929,0.5553856,0.146493159826,-0.890340345907
7.1262,0.559776,0.115363363363,-0.907715634665
7.1595,0.5630688,0.0844624624625,-0.884994103212
7.1928,0.565264,0.0567660994328,-0.869528186846
7.2261,0.5669104,0.0276963630297,-0.87697473917
7.2594,0.5671848,-0.00274674674675,-0.856162580109
7.2927,0.566636,-0.0306720053387,-0.806327960705
7.326,0.5649896,-0.0549349349349,-0.795635475315
7.3593,0.5630688,-0.0814868201535,-0.834013860374
7.3926,0.559776,-0.112616616617,-0.819502630202
7.4259,0.5553856,-0.139168501835,-0.734917433282
7.4592,0.550172,-0.157937937938,-0.735299307761
7.4925,0.5452328,-0.184947614281,-0.808237333096
7.5258,0.5380984,-0.21767967968,-0.735872119478
7.5591,0.5301408,-0.235762429096,-0.611762914065
7.5924,0.5224576,-0.254074074074,-0.592287315677
7.6257,0.5134024,-0.275590256924,-0.586368261265
7.659,0.5037984,-0.291841841842,-0.61080822787
7.6923,0.4941944,-0.314044711378,-0.626465081476
7.7256,0.4834928,-0.345861194528,-0.301108026055
7.7589,0.4700472,-0.346547881215,0.299771465382
7.7922,0.4587968,-0.3060333667,0.353997641285
7.8255,0.4511136,-0.301455455455,-0.188264117749
7.8588,0.4398632,-0.328694027361,-0.525841156472
7.8921,0.4286128,-0.347005672339,-0.558300487118
7.9254,0.4168136,-0.366232899566,-0.481161842523
7.9587,0.4044656,-0.386375709042,-0.184636310206
7.992,0.3901968,-0.382713380047,0.210603774723
8.0253,0.3783976,-0.361883883884,0.344832653808
8.0586,0.3668728,-0.357077077077,0.388175407083
8.0919,0.3542504,-0.342427761094,0.55581830301
8.1252,0.3435488,-0.315418084751,0.598970119046
8.1585,0.3336704,-0.298022022022,0.528705215058
8.1918,0.323792,-0.282914914915,0.518012729669
8.2251,0.3147368,-0.26597664331,0.573384529007
8.2584,0.305956,-0.245147147147,0.643458495755
8.2917,0.2982728,-0.220655321989,0.647086303298
8.325,0.2914128,-0.200054721388,0.601070428676
8.3583,0.2851016,-0.183116449783,0.625128520802
8.3916,0.2790648,-0.161600266934,0.735681182239
8.4249,0.2741256,-0.133903903904,0.839741977546
8.4582,0.2700096,-0.102087420754,0.844706345763
8.4915,0.26754,-0.0755355355355,0.784179240969
8.5248,0.2650704,-0.0517303970637,0.763558019147
8.5581,0.2639728,-0.0254074074074,0.763748956386
8.5914,0.263424,-0.000228895562229,0.752865533758
8.6247,0.2639728,0.0247207207207,0.73969086426
8.658,0.2650704,0.0492125458792,0.71849683072
8.6913,0.2672656,0.073017684351,0.687564997987
8.7246,0.2700096,0.0947627627628,0.664270654817
8.7579,0.2735768,0.116278945612,0.666943776164
8.7912,0.2776928,0.139397397397,0.661979407948
8.8245,0.2829064,0.161142475809,0.629138202823
8.8578,0.2883944,0.182658658659,0.560400796748
8.8911,0.2952544,0.199139139139,0.482116528719
8.9244,0.30184,0.211041708375,0.50082837815
8.9577,0.3089744,0.231184517851,0.551044872033
8.991,0.3172064,0.251785118452,0.498537131281
9.0243,0.3259872,0.265747747748,0.416434118469
9.0576,0.3350424,0.276734734735,0.403068511733
9.0909,0.344372,0.288637303971,0.474479039155
9.1242,0.3537016,0.313358024691,0.412233499209
9.1575,0.3657752,0.323658324992,0.166497272492
9.1908,0.375928,0.317249249249,0.0973779919392
9.2241,0.3863552,0.323200533867,0.188645992227
9.2574,0.3970568,0.337620954288,0.0750383349649
9.2907,0.4094048,0.336705372039,-0.271703691234
9.324,0.4201064,0.317020353687,-0.572429842811
9.3573,0.4305336,0.292757424091,-0.69310217792
9.3906,0.4395888,0.268265598932,-0.672671893337
9.4239,0.448644,0.240569235903,-0.40784194271
9.4572,0.4549552,0.233931264598,0.0379965105802
9.4905,0.4634616,0.249267267267,0.273613063625
9.5238,0.4714192,0.267578912246,0.0525077407515
9.5571,0.4821208,0.262085418752,-0.451375633224
9.5904,0.489804,0.228895562229,-0.743700546281
9.6237,0.4969384,0.203259259259,-0.764321768103
9.657,0.5032496,0.178996329663,-0.757066153018
9.6903,0.509012,0.152902235569,-0.72918931611
9.7236,0.5134024,0.127952619286,-0.646895366059
9.7569,0.517244,0.110556556557,-0.590759817765
9.7902,0.5208112,0.0922449115782,-0.637730378582
9.8235,0.5235552,0.0691264597931,-0.721169952068
9.8568,0.525476,0.0434901568235,-0.782651743057
9.8901,0.5265736,0.0146493159826,-0.772341132145
9.9234,0.5262992,-0.0100714047381,-0.698639357854
9.9567,0.5257504,-0.0304431097764,-0.655296604579
9.99,0.5243784,-0.0528748748749,-0.631047575214
10.0233,0.5221832,-0.0734754754755,-0.583504202679
10.0566,0.5194392,-0.0924738071405,-0.521831474451
10.0899,0.515872,-0.107352018685,-0.486699022457
10.1232,0.5123048,-0.122459125792,-0.518394604147
10.1565,0.5079144,-0.142373039706,-0.54951737412
10.1898,0.5027008,-0.159769102436,-0.579494520658
10.2231,0.4972128,-0.177851851852,-0.674772202967
10.2564,0.491176,-0.203945945946,-0.740645550455
10.2897,0.4840416,-0.23828028028,-0.476579348785
10.323,0.4744376,-0.246062729396,0.0618636654673
10.3563,0.4667544,-0.227522188856,0.388748218801
10.3896,0.4590712,-0.203030363697,0.215759080179
10.4229,0.454132,-0.203259259259,-0.259483707932
10.4562,0.4464488,-0.230268935602,-0.493572763064
10.4895,0.4382168,-0.245376042709,-0.461495306896
10.5228,0.4299848,-0.258423089756,-0.436864403053
10.5561,0.421204,-0.273987987988,-0.381492603715
10.5894,0.4118744,-0.290697364031,-0.141293556931
10.6227,0.4011728,-0.288179512846,0.219577824961
10.656,0.3921176,-0.268723390057,0.37614636102
10.6893,0.3836112,-0.256134134134,0.312373323162
10.7226,0.3751048,-0.246520520521,0.187118494315
10.7559,0.3674216,-0.244002669336,0.0924136237227
10.7892,0.3591896,-0.248580580581,0.232943431698
10.8225,0.3501344,-0.233473473473,0.510184302866
10.8558,0.3432744,-0.207379379379,0.60221605211
10.8891,0.3366888,-0.189067734401,0.561164545705
10.9224,0.330652,-0.170527193861,0.507320244279
10.9557,0.3254384,-0.155877877878,0.466077800635
10.989,0.3202248,-0.140312979646,0.456340001441
11.0223,0.3161088,-0.125205872539,0.451566570463
11.0556,0.3119928,-0.112158825492,0.503883373976
11.0889,0.3084256,-0.0931604938272,0.596296997698
11.1222,0.3056816,-0.0707287287287,0.641358186125
11.1555,0.3037608,-0.048983650317,0.636393817909
11.1888,0.3023888,-0.027009676343,0.586941072983
11.2221,0.3021144,-0.00938471805138,0.523549909603
11.2554,0.30184,0.00595128461795,0.5113299263
11.2887,0.3023888,0.024034034034,0.521640537212
11.322,0.3034864,0.0412012012012,0.523358972364
11.3553,0.3051328,0.0585972639306,0.527559591624
11.3886,0.307328,0.0771378044711,0.505219934649
11.4219,0.3103464,0.0933893893894,0.451566570463
11.4552,0.3136392,0.106894227561,0.40574163308
11.4885,0.3174808,0.119483483483,0.388557281561
11.5218,0.3215968,0.132072739406,0.396194771125
11.5551,0.3262616,0.145348682015,0.418152553621
11.5884,0.3312008,0.160455789122,0.425408168707
11.6217,0.3369632,0.174876209543,0.409560377862
11.655,0.343,0.186549883217,0.421207549447
11.6883,0.3493112,0.20028361695,0.474097164677
11.7216,0.3558968,0.223402068735,0.374427925868
11.7549,0.3646776,0.232786786787,0.0819120755724
11.7882,0.3720864,0.223402068735,-0.065300535771
11.8215,0.3792208,0.220655321989,0.0179481004751
11.8548,0.3866296,0.223630964298,0.154659163668
11.8881,0.3940384,0.230497831164,0.279723055276
11.9214,0.4014472,0.249725058392,0.176235071686
11.9547,0.4113256,0.250640640641,-0.164587900101
11.988,0.4187344,0.233931264598,-0.391803214626
12.0213,0.426692,0.21973973974,-0.476388411546
12.0546,0.433552,0.200741408075,-0.499300880237
12.0879,0.4398632,0.18586319653,-0.489181206565
12.1212,0.4459,0.171671671672,-0.535769892905
12.1545,0.4519368,0.14374641308,-0.403259448972
12.1878,0.4546808,0.137108441775,-0.0805755148987
12.2211,0.4604432,0.147408742075,0.00954686195483
12.2544,0.465108,0.14374641308,-0.0666370964447
12.2877,0.4700472,0.140084084084,-0.106161104938
12.321,0.4744376,0.134361695028,-0.117235464805
12.3543,0.4785536,0.138024024024,-0.281632427667
12.3876,0.484316,0.122459125792,-0.61920946639
12.4209,0.4873344,0.0892692692693,-0.757066153018
12.4542,0.489804,0.0656930263597,-0.702649039875
12.4875,0.4917248,0.0425745745746,-0.612717600261
12.5208,0.492548,0.024034034034,-0.500064629194
12.5541,0.4930968,0.0112158825492,-0.449466260833
12.5874,0.4933712,-0.00297564230898,-0.477343097741
12.6207,0.4930968,-0.021973973974,-0.477343097741
12.654,0.4917248,-0.0363943943944,-0.443165331943
12.6873,0.4906272,-0.0496703370037,-0.466650612352
12.7206,0.488432,-0.0647774441108,-0.55791861264
12.7539,0.4865112,-0.0853780447114,-0.661215658991
12.7872,0.4832184,-0.116736736737,-0.540734261121
12.8205,0.4780048,-0.12841041041,-0.22606969109
12.8538,0.4741632,-0.125205872539,-0.0689283433138
12.8871,0.4700472,-0.129325992659,-0.0169934142796
12.9204,0.4653824,-0.127723723724,0.0351324519937
12.9537,0.4615408,-0.126808141475,0.0458249373832
12.987,0.4566016,-0.119254587921,-0.0947048705919
13.0203,0.454132,-0.126808141475,-0.385502285736
13.0536,0.4489184,-0.15404671338,-0.432854721032
13.0869,0.443156,-0.163889222556,-0.259674645171
13.1202,0.437668,-0.165491491491,-0.213276896071
13.1535,0.4324544,-0.173273940607,-0.28736054484
13.1868,0.4264176,-0.188152152152,-0.295570846121
13.2201,0.4195576,-0.195705705706,-0.225878753851
13.2534,0.4132464,-0.199139139139,-0.215950017418
13.2867,0.4069352,-0.215390724057,-0.0549899248598
13.32,0.3981544,-0.211041708375,0.301489900533
13.3533,0.3921176,-0.186320987654,0.420252863251
13.3866,0.3863552,-0.175105105105,0.312946134879
13.4199,0.3805928,-0.168009342676,0.236189364762
13.4532,0.3751048,-0.160913580247,0.188836929466
13.4865,0.3698912,-0.155420086753,0.155231975385
13.5198,0.3646776,-0.148324324324,0.0937501843964
13.5531,0.3605616,-0.153588922256,0.164587900101
13.5864,0.353976,-0.145577577578,0.445647516051
13.6197,0.3501344,-0.11811011011,0.579685457897
13.653,0.3465672,-0.100256256256,0.527368654385
13.6863,0.3435488,-0.0846913580247,0.484980587305
13.7196,0.3408048,-0.067981981982,0.435909716857
13.7529,0.3391584,-0.0549349349349,0.381683540954
13.7862,0.3372376,-0.0441768435102,0.375382612064
13.8195,0.33614,-0.0315875875876,0.417197867426
13.8528,0.3350424,-0.0162515849183,0.459204060027
13.8861,0.3350424,0,0.468941859221
13.9194,0.3350424,0.016022689356,0.440683147835
13.9527,0.33614,0.0306720053387,0.372518553477
13.986,0.3372376,0.0407434100767,0.308172703902
14.0193,0.338884,0.0496703370037,0.288697105514
14.0526,0.3405304,0.0588261594928,0.305308645315
14.0859,0.3427256,0.070042042042,0.326884553333
14.1192,0.3451952,0.0812579245913,0.34025016007
14.1525,0.3482136,0.0917871204538,0.374236988629
14.1858,0.351232,0.104376376376,0.433427532749
14.2191,0.3547992,0.125205872539,0.361826068088
14.2524,0.3600128,0.133903903904,0.14587605067
14.2857,0.3641288,0.130928261595,0.0299771465382
14.319,0.3685192,0.131843843844,0.0318865189291
14.3523,0.3729096,0.132759426093,0.0641549123364
14.3856,0.3773,0.136192859526,0.101578611199
14.4189,0.3819648,0.140084084084,0.123727330935
14.4522,0.3866296,0.144204204204,0.156950410537
14.4855,0.3915688,0.149697697698,0.201820661725
14.5188,0.396508,0.157251251251,0.229888435872
14.5521,0.4017216,0.171213880547,0.0882130044626
14.5854,0.4085816,0.167322655989,-0.160960092558
14.6187,0.4132464,0.152673340007,-0.216140954657
14.652,0.4181856,0.150384384384,-0.197429105226
14.6853,0.4233992,0.144204204204,-0.276477122212
14.7186,0.428064,0.131614948282,-0.340632034548
14.7519,0.43218,0.117881214548,-0.305881457033
14.7852,0.4357472,0.109183183183,-0.207930653376
14.8185,0.4393144,0.104834167501,-0.136138251476
14.8518,0.4426072,0.10368968969,-0.171652577948
14.8851,0.4464488,0.0961361361361,-0.293279599252
14.9184,0.4491928,0.0830890890891,-0.402686637255
14.9517,0.4519368,0.0686686686687,-0.484980587305
14.985,0.4538576,0.0515015015015,-0.544553005903
15.0183,0.4557784,0.0258651985319,-0.414333808839
15.0516,0.4549552,0.0173960627294,-0.119717648914
15.0849,0.4563272,0.0256363029696,-0.0328412051246
15.1182,0.4571504,0.0224317650984,-0.154659163668
15.1515,0.4579736,0.0144204204204,-0.276668059451
15.1848,0.458248,0.00114447781114,-0.3169558169
15.2181,0.4579736,-0.00984250917584,-0.253373716281
15.2514,0.4574248,-0.0162515849183,-0.155995724342
15.2847,0.456876,-0.0199139139139,-0.0683555315966
15.318,0.4560528,-0.0217450784117,0.00878311299844
15.3513,0.4549552,-0.0132759426093,-0.0887858161799
15.3846,0.4557784,-0.0210583917251,-0.356479825393
15.4179,0.454132,-0.0446346346346,-0.430372536924
15.4512,0.4522112,-0.0547060393727,-0.357434511589
15.4845,0.4505648,-0.0661508174842,-0.312946134879
15.5178,0.4478208,-0.0762222222222,-0.246690912913
15.5511,0.4453512,-0.0826312979646,-0.184445372967
15.5844,0.4423328,-0.0885825825826,-0.121627021304
15.6177,0.4393144,-0.0904137470804,-0.0754202094431
15.651,0.436296,-0.0917871204538,-0.085158008637
15.6843,0.4332776,-0.0952205538872,-0.124491079891
15.7176,0.4299848,-0.100027360694,-0.165351649058
15.7509,0.426692,-0.107123123123,-0.173561950339
15.7842,0.4228504,-0.113532198866,-0.127546075716
15.8175,0.4190088,-0.116278945612,-0.0780933307905
15.8508,0.4148928,-0.115134467801,-0.118953899957
15.8841,0.4116,-0.120399065732,-0.229124686916
15.9174,0.407484,-0.139397397397,-0.0933683099182
15.9507,0.4014472,-0.135048381715,0.260247456889
15.984,0.39788,-0.113532198866,0.391803214626
16.0173,0.3943128,-0.101171838505,0.296716469556
16.0506,0.3912944,-0.0936182849516,0.166115398014
16.0839,0.388276,-0.0929315982649,0.109407038002
16.1172,0.3849832,-0.0892692692693,0.147021674104
16.1505,0.3822392,-0.0828601935269,0.189218803945
16.1838,0.3794952,-0.0764511177845,0.223396569743
16.2171,0.3770256,-0.0670663997331,0.226833440047
16.2504,0.3751048,-0.0597417417417,0.188836929466
16.2837,0.373184,-0.0558505171838,0.187118494315
16.317,0.3712632,-0.0487547547548,0.22396938146
16.3503,0.3698912,-0.0405145145145,0.252800904564
16.3836,0.3685192,-0.0306720053387,0.249936845977
16.4169,0.3679704,-0.0238051384718,0.239626235066
16.4502,0.3668728,-0.0155648982316,0.245354352239
16.4835,0.3668728,-0.00618018018018,0.217286578092
16.5168,0.3665984,-0.000457791124458,0.175280385491
16.5501,0.3668728,0.00434901568235,0.164396962862
16.5834,0.3668728,0.00938471805138,0.185400059163
16.6167,0.3674216,0.0167093760427,0.205448469268
16.65,0.3679704,0.0242629295963,0.189600678423
16.6833,0.369068,0.0306720053387,0.138429498345
16.7166,0.3701656,0.032960960961,0.10348798359
16.7499,0.3712632,0.0352499165832,0.130410134303
16.7832,0.3723608,0.0414300967634,0.163442276667
16.8165,0.3740072,0.0480680680681,0.144730427235
16.8498,0.3756536,0.0521881881882,0.0931773726791
16.8831,0.3775744,0.0535615615616,0.0595724185981
16.9164,0.3792208,0.0547060393727,0.0675917826401
16.9497,0.3811416,0.0576816816817,0.0937501843964
16.983,0.3830624,0.0613440106773,0.112271096589
17.0163,0.3852576,0.0645485485485,0.136329188715
17.0496,0.3871784,0.0718732065399,0.115517029653
17.0829,0.3901968,0.0748488488489,0.0311227699727
17.1162,0.392392,0.0718732065399,0.00782842680293
17.1495,0.3948616,0.0718732065399,0.088976753419
17.1828,0.3970568,0.0766800133467,0.199338477617
17.2161,0.3998008,0.0862936269603,0.252228092847
17.2494,0.4025448,0.100942942943,0.0931773726791
17.2827,0.4072096,0.0968228228228,-0.178144444077
17.316,0.4094048,0.081029029029,-0.23676217648
17.3493,0.4121488,0.0757644310978,-0.139002310062
17.3826,0.414344,0.0739332665999,-0.0758020839213
17.4159,0.417088,0.073017684351,-0.0782842680296
17.4492,0.4192832,0.0695842509176,-0.116662653088
17.4825,0.4217528,0.065006339673,-0.149885732691
17.5158,0.4236736,0.0585972639306,-0.152749791277
17.5491,0.4255944,0.054019352686,-0.132701381172
17.5824,0.4272408,0.0501281281281,-0.125063891608
17.6157,0.4288872,0.0471524858192,-0.154659163668
17.649,0.4305336,0.0402856189523,-0.194183172161
17.6823,0.4316312,0.0318164831498,-0.17107976623
17.7156,0.4324544,0.0283830497164,-0.132701381172
17.7489,0.433552,0.0244918251585,-0.134610753563
17.7822,0.4341008,0.0201428094761,-0.161532904276
17.8155,0.434924,0.0144204204204,-0.20506659479
17.8488,0.4351984,0.00526459793126,-0.210603774723
17.8821,0.4351984,-0.00183116449783,-0.153895414712
17.9154,0.434924,-0.00457791124458,-0.105206418742
17.9487,0.434924,-0.00755355355355,-0.0964233057437
17.982,0.4343752,-0.00984250917584,-0.120290460631
18.0153,0.4343752,-0.0148782115449,-0.153513540234
18.0486,0.433552,-0.0238051384718,-0.0800027031814
18.0819,0.4324544,-0.0224317650984,0.0402877574494
18.1152,0.4319056,-0.0183116449783,0.0763748956386
18.1485,0.4310824,-0.0100714047381,-0.0719833391394
18.1818,0.43218,-0.0254074074074,-0.18177225162
18.2151,0.4288872,-0.0297564230898,-0.118572025479
18.2484,0.4297104,-0.0242629295963,-0.265402762344
18.2817,0.4283384,-0.0453213213213,-0.430563474163
18.315,0.426692,-0.065006339673,-0.279341180798
18.3483,0.4233992,-0.0693553553554,0.0219577824961
18.3816,0.4214784,-0.0560794127461,0.138047623867
18.4149,0.4201064,-0.0528748748749,0.0450611884268
18.4482,0.4181856,-0.0556216216216,-0.00744655232476
18.4815,0.4162648,-0.0563083083083,0.0148931046495
18.5148,0.414344,-0.0542482482482,0.0402877574493
18.5481,0.4126976,-0.0528748748749,0.0429608787967
18.5814,0.4107768,-0.0505859192526,0.0148931046495
18.6147,0.4094048,-0.0505859192526,-0.057472108968
18.648,0.407484,-0.0542482482482,-0.126400452282
18.6813,0.4058376,-0.0590550550551,-0.165160711818
18.7146,0.4039168,-0.0716443109776,-0.025585590039
18.7479,0.4003496,-0.065006339673,0.222441883547
18.7812,0.399252,-0.0487547547548,0.259674645171
18.8145,0.3976056,-0.0441768435102,0.187882243271
18.8478,0.3962336,-0.0382255588922,0.145494176192
18.8811,0.395136,-0.0354788121455,0.130028259825
18.9144,0.393764,-0.0297564230898,0.12678232676
18.9477,0.3932152,-0.0258651985319,0.0941320588746
18.981,0.3921176,-0.024034034034,0.0769477073559
19.0143,0.3915688,-0.0212872872873,0.0780933307905
19.0476,0.3907456,-0.0194561227895,0.101196736721
19.0809,0.3901968,-0.0153360026693,0.146066987909
19.1142,0.389648,-0.00892692692693,0.167642895927
19.1475,0.389648,-0.00343343343343,0.161341967037
19.1808,0.3893736,0.00274674674675,0.122963581978
19.2141,0.3899224,0.00595128461795,0.0551808620989
19.2474,0.3899224,0.00503570236904,0.0290224603427
19.2807,0.3901968,0.00572238905572,0.0618636654673
19.314,0.3901968,0.00915582248916,0.0950867450701
19.3473,0.3907456,0.0141915248582,0.0716014646612
19.3806,0.3912944,0.0151071071071,0.0164206025623
19.4139,0.3918432,0.0135048381715,0.00916498747664
19.4472,0.3921176,0.013962629296,0.0486889959696
19.4805,0.3926664,0.0171671671672,0.0765658328777
19.5138,0.3932152,0.0215161828495,0.0397149457321
19.5471,0.3943128,0.0203717050384,-0.0150840418886
19.5804,0.3945872,0.0183116449783,-0.0122199833022
19.6137,0.3954104,0.0192272272272,0.00935592471573
19.647,0.3959592,0.0185405405405,0.0456340001441
19.6803,0.396508,0.0217450784117,0.0895495651363
19.7136,0.3973312,0.0265518852186,0.0813392638551
19.7469,0.3984288,0.0276963630297,0.0685464688356
19.7802,0.399252,0.0281541541542,0.125445766086
19.8135,0.4000752,0.0343343343343,0.204111908594
19.8468,0.4011728,0.0485258591925,0.0990964270911
19.8801,0.4039168,0.0464657991325,-0.146639799626
19.9134,0.40474,0.0315875875876,-0.208885339572
19.9467,0.4055632,0.027009676343,-0.114753280697
19.98,0.4063864,0.0267807807808,-0.071219590183
20.0133,0.407484,0.0242629295963,-0.0780933307905
20.0466,0.4080328,0.0208294961628,-0.0721742763785
20.0799,0.408856,0.0180827494161,-0.0322683934073
20.1132,0.4091304,0.0183116449783,0.0122199833022
20.1465,0.4099536,0.0215161828495,-0.0154659163668
20.1798,0.4107768,0.018998331665,-0.0887858161799
20.2131,0.4113256,0.0135048381715,-0.106161104938
20.2464,0.4116,0.00984250917584,-0.0645367868146
20.2797,0.4118744,0.00915582248916,-0.0166115398014
20.313,0.4121488,0.0105291958625,-0.0171843515187
20.3463,0.4126976,0.0086980313647,-0.0414333808839
20.3796,0.4126976,0.00732465799132,-0.0536533641861
20.4129,0.4132464,0.00457791124458,-0.049452744926
20.4462,0.412972,0.00274674674675,-0.0152749791277
20.4795,0.4132464,0.00526459793126,-0.0259674645171
20.5128,0.4135208,0.00274674674675,-0.0796208287032
20.5461,0.4135208,-0.00206006006006,-0.0836305107243
20.5794,0.4132464,-0.00389122455789,-0.0559446110553
20.6127,0.4132464,-0.00503570236904,-0.0366599499065
20.646,0.412972,-0.00686686686687,-0.00343687030374
20.6793,0.4126976,-0.00618018018018,0.0456340001441
20.7126,0.4124232,-0.00206006006006,0.0450611884268
20.7459,0.4126976,-0.00137337337337,-0.0055371799338
20.7792,0.4124232,-0.00343343343343,-0.0313137072118
20.8125,0.4124232,-0.00457791124458,-0.0208121590615
20.8458,0.4121488,-0.00595128461795,0.0232943431698
20.8791,0.4118744,-0.0032045378712,0.0687374060747
20.9124,0.4118744,0.00114447781114,0.0456340001441
20.9457,0.4121488,0.000457791124458,0.000954686195482
20.979,0.4118744,0,-0.0137474812149
21.0123,0.4121488,-0.000686686686687,-0.0147021674104
21.0456,0.4118744,-0.00206006006006,0.0156568536059
21.0789,0.4118744,0.000228895562229,0.0446793139486
21.1122,0.4118744,0.00274674674675,0.0225305942134
21.1455,0.4121488,0.00274674674675,-0.0274949624299
21.1788,0.4121488,0,-0.0500255566433
21.2121,0.4121488,-0.00251785118452,-0.0173752887578
21.2454,0.4118744,-0.00206006006006,0.0383783850584
21.2787,0.4118744,0.00206006006006,0.0385693222975
21.312,0.4121488,0.00251785118452,-0.0162296653232
21.3453,0.4121488,0,-0.0446793139486
21.3786,0.4121488,-0.00251785118452,-0.0162296653232
21.4119,0.4118744,-0.00206006006006,0.0387602595366
21.4452,0.4118744,0.00206006006006,0.039524008493
21.4785,0.4121488,0.00251785118452,-0.0120290460631
21.5118,0.4121488,0.000228895562229,-0.0383783850584
21.5451,0.4121488,-0.00206006006006,-0.00916498747663
21.5784,0.4118744,-0.000457791124458,0.0265402762344
21.6117,0.4121488,0.000686686686687,0.0322683934073
21.645,0.4118744,0.00274674674675,0.00477343097741
21.6783,0.4124232,0.00206006006006,-0.0488799332087
21.7116,0.4121488,-0.00228895562229,-0.0498346194042
21.7449,0.4121488,-0.0032045378712,0.00515530545561
21.7782,0.4118744,-0.00206006006006,0.06129085375
21.8115,0.4118744,0.00274674674675,0.0610999165109
21.8448,0.4121488,0.00480680680681,-0.0164206025623
21.8781,0.4124232,0.000686686686687,-0.0683555315966
21.9114,0.4121488,-0.00251785118452,-0.0441065022313
21.9447,0.4121488,-0.00297564230898,0.00687374060747
21.978,0.4118744,-0.000915582248916,0.03169558169
22.0113,0.4121488,0,0.0278768369081
22.0446,0.4118744,0.000686686686687,0.0240580921262
22.0779,0.4121488,0.00228895562229,0.00267312134735
22.1112,0.4121488,0.000686686686687,-0.0106924853894
22.1445,0.4121488,0.000457791124458,0.00496436821651
22.1778,0.4121488,0.000915582248916,0.0210030963006
22.2111,0.4121488,0.00297564230898,0.00458249373832
22.2444,0.4124232,0.00251785118452,-0.0448702511877
22.2777,0.4124232,-0.000686686686687,-0.0706467784657
22.311,0.4124232,-0.00480680680681,-0.0267312134735
22.3443,0.4118744,-0.0032045378712,0.0404786946885
22.3776,0.4121488,0.000686686686687,0.0370418243847
22.4109,0.4121488,-0.000915582248916,0.0269221507126
22.4442,0.4118744,0.00228895562229,0.0143584803801
22.4775,0.4124232,0.00183116449783,-0.037404605139
22.5108,0.4121488,-0.00206006006006,-0.0346932963438
22.5441,0.4121488,-0.00247207207207,0.0204493783072
22.5774,0.4118744,-0.000343343343343,0.0729762127827
22.6107,0.4121488,0.00412012012012,0.11032353675
