"Latest: Time (s)","Latest: Position (m)","Latest: Velocity (m/s)","Latest: Acceleration (m/sÂ²)"
0.0333,0.2025072,-0.330982982983,1.67978945468
0.0666,0.1909824,-0.290468468468,2.20358758269
0.0999,0.179732,-0.201061861862,2.68499764362
0.1332,0.1761648,-0.0785111778445,2.33203106343
0.1665,0.1772624,-0.0226606606607,1.3247607523
0.1998,0.1758904,-0.00915582248916,0.777381875258
0.2331,0.1758904,0.0151071071071,0.7564933413
0.2664,0.1778112,0.0249496162829,1.32605912553
0.2997,0.1761648,0.0805712379046,2.46576350569
0.333,0.1802808,0.211728395062,2.96220032734
0.3663,0.1915312,0.315189189189,2.43044011646
0.3996,0.2033304,0.36554621288,1.98078291839
0.4329,0.2148552,0.432841508175,1.86106526947
0.4662,0.2321424,0.497390056723,1.59680813056
0.4995,0.2488808,0.539277944611,1.34381628876
0.5328,0.2678144,0.583912579246,1.15898904132
0.5661,0.28812,0.616415749082,1.01215830445
0.5994,0.3089744,0.647087754421,1.0060483128
0.6327,0.3312008,0.678904237571,1.09808006204
0.666,0.3537016,0.723309976643,1.03812576897
0.6993,0.3792208,0.764740073407,0.512475549735
0.7326,0.4058376,0.769317984651,-0.253182779042
0.7659,0.4324544,0.721707707708,-0.241535607457
0.7992,0.45276,0.718960960961,0.465695926156
0.8325,0.4771816,0.775727060394,0.317528628618
0.8658,0.5027008,0.854009342676,-2.59388239313
0.8991,0.5479768,0.582768101435,-4.81639185621
0.9324,0.5397448,0.351354688021,-2.33974492789
0.9657,0.5581296,0.451610944278,-0.244208728804
0.999,0.5751424,0.441310643977,-0.758211776452
1.0323,0.5896856,0.389351351351,-1.31250258155
1.0656,0.6003872,0.331898565232,-1.4631520632
1.0989,0.6110888,0.292528528529,-1.5129866826
1.1322,0.6204184,0.239882549216,-1.76101415619
1.1655,0.6275528,0.173273940607,-1.97028137024
1.1988,0.6319432,0.103918585252,-2.05257532029
1.2321,0.6344128,0.0354788121455,-2.07567872622
1.2654,0.6344128,-0.0352499165832,-2.05639406507
1.2987,0.6319432,-0.102545211879,-2.00121320297
1.332,0.6275528,-0.1684671338,-1.94240453333
1.3653,0.6206928,-0.232557891225,-1.86717526112
1.3986,0.611912,-0.292070737404,-1.81753157896
1.4319,0.6012104,-0.352499165832,-1.7581500976
1.4652,0.588588,-0.411325325325,-1.61857497582
1.4985,0.5740448,-0.473356022689,-1.19641274018
1.5318,0.5548368,-0.480451785118,-1.07039416238
1.5651,0.543312,-0.520050717384,-1.54391851533
1.5984,0.5219088,-0.601537537538,-1.50668575371
1.6317,0.5018776,-0.644798798799,-0.808428270335
1.665,0.4780048,-0.658074741408,-0.0463977491005
1.6983,0.4563272,-0.623969302636,0.0456340001441
1.7316,0.4379424,-0.629005005005,-0.568611098029
1.7649,0.4162648,-0.680735402069,-0.698448420615
1.7982,0.3912944,-0.700649315983,-0.124491079891
1.8315,0.3685192,-0.687831164498,0.505410871888
1.8648,0.3451952,-0.658990323657,0.923372488271
1.8981,0.3243408,-0.619391391391,1.09044257248
1.9314,0.3040352,-0.582081414748,1.10552661437
1.9647,0.2856504,-0.545458124791,1.09712537585
1.998,0.2678144,-0.512726059393,1.19965867324
2.0313,0.251076,-0.466718051385,1.37016562776
2.0646,0.2370816,-0.425974641308,1.65638054916
2.0979,0.2217152,-0.358221554888,1.96760824889
2.1312,0.2129344,-0.281999332666,1.93362142033
2.1645,0.2038792,-0.228437771104,1.85400059163
2.1978,0.1972936,-0.164575909243,1.91319113575
2.2311,0.1929032,-0.100942942943,1.98192854182
2.2644,0.1904336,-0.032045378712,2.03462721981
2.2977,0.190708,0.03799666333,1.97677323637
2.331,0.1931776,0.101858525192,1.84254435728
2.3643,0.197568,0.160913580247,1.71690765396
2.3976,0.2041536,0.214475141808,1.65981741947
2.4309,0.2121112,0.262085418752,1.82746031539
2.4642,0.2203432,0.340367701034,1.87462181345
2.4975,0.2354352,0.401711711712,1.53227134375
2.5308,0.2480576,0.437190523857,1.29283604592
2.5641,0.2639728,0.483427427427,1.16128028818
2.5974,0.2807112,0.515930597264,1.0260967229
2.6307,0.2982728,0.549807140474,0.965569618111
2.664,0.3174808,0.579563563564,0.928145919248
2.6973,0.3369632,0.607259926593,0.980271785521
2.7306,0.3572688,0.650521187855,0.832104487983
2.7639,0.3808672,0.675241908575,0.296143657839
2.7972,0.4028192,0.676157490824,-0.383211038867
2.8305,0.4269664,0.645714381048,-0.861508822803
2.8638,0.4469976,0.58849049049,-0.52202241169
2.8971,0.4634616,0.59970637304,0.0681645943575
2.9304,0.4859624,0.633354020687,-0.410324126818
2.9637,0.5084632,0.591923923924,-1.41465400447
2.997,0.5265736,0.515472806139,-1.80951221492
3.0303,0.5424888,0.442912912913,-1.41809087477
3.0636,0.5540136,0.423914581248,-1.04385388614
3.0969,0.5710264,0.399880547214,-1.36520125954
3.1302,0.5822768,0.333500834168,-1.77648007255
3.1635,0.592704,0.273759092426,-2.00407726156
3.1968,0.600936,0.200054721388,-2.14766206536
3.2301,0.606424,0.119941274608,-1.95806138693
3.2634,0.6080704,0.0622595929263,-1.56014818066
3.2967,0.6099912,0.0233473473473,-1.35049909213
3.33,0.6099912,-0.0224317650984,-1.33827910883
3.3633,0.6080704,-0.0597417417417,-1.54506413877
3.3966,0.6066984,-0.117652318986,-1.96970855852
3.4299,0.600936,-0.196850183517,-2.22575539615
3.4632,0.5932528,-0.272385719052,-2.20131542954
3.4965,0.5833744,-0.354101434768,-1.80970315216
3.5298,0.5691056,-0.414987654321,-0.906951885708
3.5631,0.5523672,-0.391411411411,-0.635821006191
3.5964,0.5452328,-0.42002335669,-1.33942473226
3.6297,0.5265736,-0.505401401401,-1.44176709242
3.663,0.5092864,-0.535386720053,-0.989245835759
3.6963,0.4914504,-0.572696696697,-0.436482528575
3.7296,0.4694984,-0.561251918585,-0.0301680837773
3.7629,0.4538576,-0.547975975976,-0.365072001153
3.7962,0.434924,-0.582768101435,-0.766994889451
3.8295,0.4151672,-0.621909242576,-0.559064236075
3.8628,0.392392,-0.631751751752,0.0315046444509
3.8961,0.3723608,-0.615271271271,0.548371750685
3.9294,0.351232,-0.588719386053,0.859790387652
3.9627,0.3328472,-0.552096096096,0.966715241546
3.996,0.3147368,-0.522110777444,0.993828329497
4.0293,0.2979984,-0.488692025359,1.08834226285
4.0626,0.2820832,-0.452068735402,1.24720204578
4.0959,0.26754,-0.404458458458,1.37092937671
4.1292,0.255192,-0.357305972639,1.3816218621
4.1625,0.2436672,-0.309466800133,1.31441195394
4.1958,0.2348864,-0.269181181181,1.26114046423
4.2291,0.2261056,-0.235991324658,1.49675701728
4.2624,0.218148,-0.174876209543,1.86927557075
4.2957,0.214032,-0.101171838505,1.96856293509
4.329,0.2118368,-0.0366232899566,1.85743746193
4.3623,0.2118368,0.0203717050384,1.78430849936
4.3956,0.2132088,0.0773667000334,1.83414311876
4.4289,0.216776,0.140084084084,1.92254706046
4.4622,0.2219896,0.214475141808,1.75967759551
4.4955,0.231868,0.266892225559,1.34458003772
4.5288,0.2406488,0.294588588589,1.16567184468
4.5621,0.2508016,0.336934267601,1.2038592925
4.5954,0.2631496,0.377677677678,1.20080429668
4.6287,0.2760464,0.417505505506,1.1750277694
4.662,0.290864,0.45802002002,1.0734491582
4.6953,0.3067792,0.490980980981,0.925090923423
4.7286,0.323792,0.517990657324,0.820457316398
4.7619,0.3413536,0.541566900234,0.812247015117
4.7952,0.359464,0.574756756757,0.71429621146
4.8285,0.380044,0.59558625292,0.400968202103
4.8618,0.399252,0.607031031031,-0.0719833391394
4.8951,0.421204,0.593983983984,-0.549326436881
4.9284,0.4401376,0.550951618285,-0.483453089392
4.9617,0.4566016,0.541109109109,0.0490708704478
4.995,0.4738888,0.58437037037,-0.235234678567
5.0283,0.498036,0.559878545212,-1.40644370318
5.0616,0.5136768,0.467404738071,-1.97658229913
5.0949,0.52822,0.393700367034,-1.60119968706
5.1282,0.5383728,0.359823823824,-1.11259129222
5.1615,0.5518184,0.340825492159,-1.17464589492
5.1948,0.5622456,0.290239572906,-1.51604167843
5.2281,0.5713008,0.233473473473,-1.70258736102
5.2614,0.5781608,0.166178178178,-1.58955251548
5.2947,0.5814536,0.123374708041,-1.34763503354
5.328,0.5861184,0.0876670003337,-1.3938418454
5.3613,0.5880392,0.0338765432099,-1.54220008018
5.3946,0.5883136,-0.0199139139139,-1.5769506577
5.4279,0.5866672,-0.0737043710377,-1.51432324327
5.4612,0.5833744,-0.123145812479,-1.39002310062
5.4945,0.5781608,-0.16640707374,-1.28328918397
5.5278,0.5718496,-0.197765765766,-1.45685113431
5.5611,0.5663616,-0.264603269937,-1.61284685865
5.5944,0.5534648,-0.314044711378,-1.51986042321
5.6277,0.5455072,-0.363715048382,-1.43279304218
5.661,0.529592,-0.418192192192,-1.11908315834
5.6943,0.5161464,-0.435130463797,-0.871437559236
5.7276,0.5013288,-0.466489155822,-0.826185433571
5.7609,0.485688,-0.506088088088,-0.417388804665
5.7942,0.4656568,-0.496932265599,-0.0120290460631
5.8275,0.4522112,-0.479307307307,-0.315428318987
5.8608,0.4357472,-0.512039372706,-0.762030521234
5.8941,0.41846,-0.553927260594,-0.591141692243
5.9274,0.3976056,-0.565143143143,-0.00553717993377
5.9607,0.3797696,-0.543398064731,0.36564481287
5.994,0.362208,-0.535386720053,0.576439524832
6.0273,0.3435488,-0.510665999333,0.877356613648
6.0606,0.3276336,-0.471295962629,1.01521330028
6.0939,0.3125416,-0.439021688355,1.03888951792
6.1272,0.2982728,-0.403313980647,1.07039416238
6.1605,0.2856504,-0.367377377377,1.09559787794
6.1938,0.2738512,-0.33166966967,1.17178183634
6.2271,0.263424,-0.291155155155,1.30734727609
6.2604,0.2543688,-0.246291624958,1.48568265741
6.2937,0.2466856,-0.191356690023,1.6223937206
6.327,0.241472,-0.132530530531,1.59298938578
6.3603,0.2381792,-0.0819446112779,1.46639799626
6.3936,0.2362584,-0.0382255588922,1.41866368649
6.4269,0.2354352,0.00961361361361,1.453414264
6.4602,0.2368072,0.059970637304,1.46506143559
6.4935,0.2395512,0.10780980981,1.46009706737
6.5268,0.2439416,0.156793460127,1.45494176192
6.5601,0.2499784,0.205548214882,1.41961837268
6.5934,0.2576616,0.252929596263,1.33789723435
6.6267,0.2669912,0.295275275275,1.23211800389
6.66,0.2774184,0.334187520854,1.13703125882
6.6933,0.2892176,0.371955288622,1.01845923334
6.7266,0.3023888,0.403313980647,0.884039417017
6.7599,0.3163832,0.427348014681,0.842606036133
6.7932,0.330652,0.455502168836,0.886712538364
6.8265,0.3462928,0.492583249917,0.770431759754
6.8598,0.3641288,0.512726059393,0.481543717001
6.8931,0.3808672,0.51959292626,0.26425713891
6.9264,0.3981544,0.535157824491,-0.103297046351
6.9597,0.4173624,0.522568568569,-0.664843466534
6.993,0.4341008,0.480451785118,-0.869528186845
7.0263,0.4494672,0.438792792793,-0.386266034692
7.0596,0.4612664,0.450466466466,0.176998820642
7.0929,0.4785536,0.485258591925,-0.191319113575
7.1262,0.4961152,0.4538998999,-1.03698014553
7.1595,0.5095608,0.396218218218,-1.39842433914
7.1928,0.5219088,0.347921254588,-1.36138251476
7.2261,0.5326104,0.304659993327,-1.23078144322
7.2594,0.54194,0.269638972306,-1.1969855519
7.2927,0.5507208,0.23004004004,-1.31479382842
7.326,0.5575808,0.181514180848,-1.42916523464
7.3593,0.5627944,0.132072739406,-1.46773455693
7.3926,0.5663616,0.0826312979646,-1.46181550252
7.4259,0.5682824,0.0341054387721,-1.43393866561
7.4592,0.5685568,-0.0121314647981,-1.43584803801
7.4925,0.5674592,-0.0597417417417,-1.47288986239
7.5258,0.5647152,-0.109183183183,-1.51966948597
7.5591,0.5605992,-0.169153820487,-1.35030815489
7.5924,0.5523672,-0.199825825826,-1.15688873169
7.6257,0.5477024,-0.239882549216,-1.13798594502
7.659,0.5361776,-0.274674674675,-1.15001499108
7.6923,0.529592,-0.313586920254,-1.2302086315
7.7256,0.515872,-0.366461795128,-1.05110950123
7.7589,0.5037984,-0.384544544545,-0.805946086226
7.7922,0.4909016,-0.414529863197,-0.655678479057
7.8255,0.4763584,-0.441768435102,-0.211558460919
7.8588,0.45962,-0.423685685686,0.0320774561682
7.8921,0.4483696,-0.412927594261,-0.411087875775
7.9254,0.4341008,-0.452526526527,-0.806518897944
7.9587,0.4181856,-0.491667667668,-0.539397700448
7.992,0.4000752,-0.49807674341,0.0399058829712
8.0253,0.38416,-0.476789456123,0.356670762632
8.0586,0.369068,-0.468778111445,0.504074311215
8.0919,0.352604,-0.450237570904,0.776923625884
8.1252,0.3383352,-0.412927594261,0.930437166117
8.1585,0.3254384,-0.381797797798,0.91726249662
8.1918,0.3130904,-0.35433033033,0.945521208006
8.2251,0.3015656,-0.320682682683,1.01693173543
8.2584,0.2916872,-0.285203870537,1.06733916655
8.2917,0.282632,-0.249953953954,1.1330215768
8.325,0.2749488,-0.2114994995,1.24300142652
8.3583,0.2683632,-0.167322655989,1.35374502519
8.3916,0.2636984,-0.119483483483,1.40587089147
8.4249,0.2604056,-0.0714154154154,1.38372217173
8.4582,0.2590336,-0.0260940940941,1.31727601253
8.4915,0.2587592,0.016022689356,1.25655797049
8.5248,0.2601312,0.0567660994328,1.22696269843
8.5581,0.2626008,0.0961361361361,1.24815673197
8.5914,0.2664424,0.138481815148,1.29970978653
8.6247,0.271656,0.184718718719,1.28290730949
8.658,0.2787904,0.228666666667,1.13435813747
8.6913,0.2872968,0.261169836503,0.956786505113
8.7246,0.296352,0.287950617284,0.89186784382
8.7579,0.3062304,0.319538204872,0.866091316542
8.7912,0.3177552,0.347463463463,0.814920136464
8.8245,0.3295544,0.372184184184,0.800027031814
8.8578,0.3424512,0.398278278278,0.817211383333
8.8911,0.3556224,0.433299299299,0.657396914209
8.9244,0.3720864,0.448406406406,0.323638620269
8.9577,0.3860808,0.446346346346,0.156950410537
8.991,0.4008984,0.461911244578,-0.115135155175
9.0243,0.4176368,0.45183983984,-0.684128127683
9.0576,0.43218,0.409265265265,-0.994019266736
9.0909,0.4450768,0.363257257257,-0.662743156904
9.1242,0.4552296,0.351354688021,0.0137474812149
9.1575,0.4667544,0.383628962296,0.126973263999
9.1908,0.481572,0.393242575909,-0.659688161078
9.2241,0.4955664,0.333043043043,-1.29149948525
9.2574,0.503524,0.275132465799,-1.08146852224
9.2907,0.5123048,0.256363029696,-0.704367475027
9.324,0.5202624,0.247893893894,-0.812819826834
9.3573,0.5298664,0.213330663997,-1.24223767756
9.3906,0.5353544,0.153131131131,-1.39498746884
9.4239,0.539196,0.11192992993,-1.30467415475
9.4572,0.5427632,0.0721021021021,-1.317657887
9.4905,0.5444096,0.024034034034,-1.32147663179
9.5238,0.5441352,-0.018998331665,-1.25350297467
9.5571,0.5430376,-0.0588261594928,-1.18877525061
9.5904,0.5402936,-0.0988828828829,-1.10972723363
9.6237,0.5361776,-0.132072739406,-1.06046542594
9.657,0.5315128,-0.165720387054,-1.10896348467
9.6903,0.525476,-0.206921588255,-1.1461962463
9.7236,0.5175184,-0.24446046046,-1.12538408723
9.7569,0.509012,-0.277879212546,-1.16739027984
9.7902,0.4996824,-0.326862862863,-1.03125202836
9.8235,0.4867856,-0.359137137137,-0.541688947317
9.8568,0.4749864,-0.366919586253,0.023676217648
9.8901,0.4612664,-0.344487821154,0.19227379977
9.9234,0.4524856,-0.333500834168,-0.238480611632
9.9567,0.440412,-0.361426092759,-0.664652529295
9.99,0.4283384,-0.3902669336,-0.714869023177
10.0233,0.4146184,-0.422541207875,-0.342159532461
10.0566,0.3989776,-0.418649983317,0.197620042465
10.0899,0.3860808,-0.395989322656,0.387602595366
10.1232,0.373184,-0.384544544545,0.352470143372
10.1565,0.360836,-0.380653319987,0.497391507846
10.1898,0.347116,-0.358221554888,0.81148326616
10.2231,0.3364144,-0.319309309309,0.940938714268
10.2564,0.3262616,-0.289323990657,0.89186784382
10.2897,0.3172064,-0.260940940941,0.848525090545
10.323,0.3089744,-0.235762429096,0.885757852169
10.3563,0.3012912,-0.204174841508,0.99535582741
10.3896,0.2952544,-0.1684671338,1.08242320844
10.4229,0.2900408,-0.130928261595,1.13130314165
10.4562,0.2864736,-0.0917871204538,1.13531282367
10.4895,0.284004,-0.0544771438105,1.11297316669
10.5228,0.2829064,-0.0187694361028,1.11450066461
10.5561,0.282632,0.0196850183517,1.11774659767
10.5894,0.2842784,0.0567660994328,1.09158819591
10.6227,0.2864736,0.092016016016,1.06733916655
10.656,0.2903152,0.128868201535,1.01349486512
10.6893,0.2952544,0.16022689356,0.94036590255
10.7226,0.3010168,0.190212212212,0.896832212036
10.7559,0.3078768,0.220426426426,0.843369785089
10.7892,0.3158344,0.246749416083,0.785515801643
10.8225,0.3243408,0.271699032366,0.759930211604
10.8558,0.3339448,0.296648648649,0.748283040019
10.8891,0.3440976,0.321140473807,0.72479775961
10.9224,0.3550736,0.349981314648,0.5621192319
10.9557,0.3679704,0.362799466133,0.304544896359
10.989,0.3797696,0.362341675008,0.24306310537
11.0223,0.3915688,0.373557557558,0.289842728948
11.0556,0.4041912,0.393242575909,0.0238671548871
11.0889,0.4187344,0.385917917918,-0.53252395984
11.1222,0.430808,0.349981314648,-0.874110680584
11.1555,0.441784,0.317249249249,-0.852534772566
11.1888,0.4522112,0.282228228228,-0.472378729525
11.2221,0.45962,0.276734734735,0.112843908306
11.2554,0.469224,0.308551217885,0.131173883259
11.2887,0.4812976,0.308551217885,-0.518012729669
11.322,0.4909016,0.274445779112,-1.20099523392
11.3553,0.5005056,0.211499499499,-1.40281589564
11.3886,0.5043472,0.163889222556,-1.09273381935
11.4219,0.510384,0.144433099766,-0.881939107387
11.4552,0.5145,0.114218885552,-0.907715634665
11.4885,0.5180672,0.0828601935269,-0.945712145245
11.5218,0.519988,0.0501281281281,-0.969388362893
11.5551,0.52136,0.0187694361028,-0.995928639127
11.5884,0.52136,-0.016022689356,-1.02380547604
11.6217,0.5202624,-0.0501281281281,-1.0270514091
11.655,0.5180672,-0.0853780447114,-0.996883325323
11.6883,0.5145,-0.117881214548,-0.928145919248
11.7216,0.5101096,-0.146950950951,-0.876783801931
11.7549,0.5046216,-0.173731731732,-0.907906571904
11.7882,0.4985848,-0.203717050384,-1.01750454715
11.8215,0.4914504,-0.243544878212,-1.01082174378
11.8548,0.4826696,-0.285890557224,-0.591523566721
11.8881,0.4711448,-0.292528528529,0.0463977491005
11.9214,0.4618152,-0.262772105439,0.13518356528
11.9547,0.4549552,-0.264832165499,-0.309700201815
11.988,0.4450768,-0.292299632966,-0.586750135744
12.0213,0.434924,-0.311526860194,-0.637348504104
12.0546,0.4244968,-0.334416416416,-0.600688554198
12.0879,0.412972,-0.360739406073,-0.286405858645
12.1212,0.3995264,-0.360052719386,0.189218803945
12.1545,0.388276,-0.338765432099,0.417006930187
12.1878,0.3773,-0.323200533867,0.397722269038
12.2211,0.3671472,-0.316104771438,0.450802821507
12.2544,0.3558968,-0.300082082082,0.672862830576
12.2877,0.3465672,-0.267807807808,0.817211383333
12.321,0.3383352,-0.240569235903,0.83057699007
12.3543,0.330652,-0.214704037371,0.877738488127
12.3876,0.323792,-0.183345345345,0.940938714268
12.4209,0.318304,-0.148553219887,0.918980931772
12.4542,0.314188,-0.120627961295,0.8580719525
12.4875,0.3103464,-0.094991658325,0.888621910755
12.5208,0.3076024,-0.0624884884885,0.950485576222
12.5541,0.3062304,-0.0306720053387,0.983708655825
12.5874,0.3054072,0.00503570236904,0.95735931683
12.6207,0.3067792,0.035021021021,0.873346931627
12.654,0.3078768,0.0608862195529,0.843369785089
12.6873,0.3106208,0.0913293293293,0.81358357579
12.7206,0.314188,0.115821154488,0.770622696994
12.7539,0.318304,0.141228561895,0.758402713691
12.7872,0.3235176,0.167322655989,0.721169952068
12.8205,0.3295544,0.190441107774,0.66789846236
12.8538,0.3364144,0.209210543877,0.675345014684
12.8871,0.3432744,0.232786786787,0.725370571328
12.9204,0.3515064,0.264832165499,0.581976704766
12.9537,0.3616592,0.277192525859,0.297480218512
12.987,0.37044,0.276048048048,0.23676217648
13.0203,0.3794952,0.287950617284,0.317910503096
13.0536,0.389648,0.299395395395,0.343687030374
13.0869,0.399252,0.316104771438,0.187691306032
13.1202,0.4110512,0.319080413747,-0.197238167987
13.1535,0.4209296,0.306720053387,-0.666561901686
13.1868,0.4324544,0.267578912246,-0.93196466403
13.2201,0.4384912,0.231413413413,-0.81148326616
13.2534,0.4469976,0.217908575242,-0.721169952068
13.2867,0.454132,0.180140807474,-0.505792746367
13.32,0.4579736,0.173045045045,-0.0360871381892
13.3533,0.4648336,0.187236569903,0.139002310062
13.3866,0.470596,0.197536870204,-0.113607657262
13.4199,0.478828,0.185405405405,-0.560782671226
13.4532,0.4837672,0.148324324324,-0.739308989782
13.4865,0.4876088,0.134590590591,-0.865518504824
13.5198,0.4933712,0.10162962963,-1.21913427163
13.5531,0.495292,0.046008008008,-1.34171597913
13.5864,0.4961152,-0.0016022689356,-1.08204133396
13.6197,0.4944688,-0.0290697364031,-0.718687767959
13.653,0.4936456,-0.0400567233901,-0.602406989349
13.6863,0.4922736,-0.0618018018018,-0.708186219809
13.7196,0.489804,-0.0904137470804,-0.773868630058
13.7529,0.4859624,-0.115134467801,-0.787234236795
13.7862,0.4821208,-0.139168501835,-0.83477760933
13.8195,0.477456,-0.179454120787,-0.620164152585
13.8528,0.469224,-0.19204337671,-0.114753280697
13.8861,0.463736,-0.178767434101,0.144348552757
13.9194,0.4574248,-0.167093760427,-0.0379965105802
13.9527,0.4533088,-0.175105105105,-0.421971298403
13.986,0.4464488,-0.203717050384,-0.58961419433
14.0193,0.4393144,-0.222944277611,-0.506747432562
14.0526,0.4313568,-0.235762429096,-0.433427532749
14.0859,0.4236736,-0.249038371705,-0.408414754427
14.1192,0.4148928,-0.264374374374,-0.324020494747
14.1525,0.406112,-0.277879212546,-0.0387602595366
14.1858,0.3956848,-0.271012345679,0.345978277243
14.2191,0.3874528,-0.246062729396,0.48822652037
14.2524,0.3797696,-0.231413413413,0.409178503384
14.2857,0.3720864,-0.219510844178,0.324211431986
14.319,0.3652264,-0.210583917251,0.282205239385
14.3523,0.3583664,-0.207608274942,0.440874085074
14.3856,0.3506832,-0.185176509843,0.707231533613
14.4189,0.345744,-0.153588922256,0.793917040163
14.4522,0.3408048,-0.129325992659,0.778832998275
14.4855,0.3369632,-0.10162962963,0.737972429108
14.5188,0.3342192,-0.0794267600934,0.679736571184
14.5521,0.3317496,-0.0588261594928,0.686610311791
14.5854,0.3301032,-0.0338765432099,0.699403106811
14.6187,0.3295544,-0.0103003003003,0.667325650642
14.652,0.3295544,0.00984250917584,0.651095985319
14.6853,0.3301032,0.0322742742743,0.655487541818
14.7186,0.3317496,0.0537904571238,0.652050671515
14.7519,0.3336704,0.0755355355355,0.646895366059
14.7852,0.3366888,0.0988828828829,0.592669190156
14.8185,0.3405304,0.114905572239,0.556582051966
14.8518,0.344372,0.131614948282,0.631238512453
14.8851,0.3490368,0.154962295629,0.731862437457
14.9184,0.3542504,0.188152152152,0.615390721608
14.9517,0.362208,0.203945945946,0.285642109688
14.985,0.3685192,0.20028361695,0.132510443933
15.0183,0.3751048,0.205777110444,0.19017349014
15.0516,0.3822392,0.212415081748,0.290224603427
15.0849,0.3890992,0.224546546547,0.383401976106
15.1182,0.3967824,0.245147147147,0.269794318843
15.1515,0.406112,0.248351685018,-0.0137474812149
15.1848,0.4137952,0.237593593594,-0.173752887578
15.2181,0.421204,0.239424758091,-0.396003833886
15.2514,0.4305336,0.219281948615,-0.766231140494
15.2847,0.4368448,0.174189522856,-0.753247408236
15.318,0.4409608,0.157709042376,-0.447747825681
15.3513,0.4467232,0.156564564565,-0.422925984599
15.3846,0.4522112,0.137337337337,-0.585222637831
15.4179,0.4563272,0.107123123123,-0.498346194042
15.4512,0.4585224,0.0968228228228,-0.210221900245
15.4845,0.462364,0.100256256256,-0.0968051802219
15.5178,0.4656568,0.0938471805138,-0.126400452282
15.5511,0.4681264,0.0968228228228,-0.333758293941
15.5844,0.4727912,0.078968968969,-0.726707132001
15.6177,0.4741632,0.0400567233901,-0.888240036277
15.651,0.4749864,0.0112158825492,-0.805564211748
15.6843,0.474712,-0.0121314647981,-0.731862437457
15.7176,0.4741632,-0.0343343343343,-0.729380253349
15.7509,0.4725168,-0.0592839506173,-0.736253993956
15.7842,0.470596,-0.0904137470804,-0.544934880381
15.8175,0.4659312,-0.105063063063,-0.132892318411
15.8508,0.462364,-0.0878958958959,-0.0303590210163
15.8841,0.460992,-0.0927027027027,-0.320201749965
15.9174,0.456876,-0.11605005005,-0.468178110265
15.9507,0.45276,-0.130012679346,-0.439155649922
15.984,0.4483696,-0.146035368702,-0.355907013676
16.0173,0.4428816,-0.15610677344,-0.237334988197
16.0506,0.4373936,-0.154275608942,-0.329939549159
16.0839,0.4332776,-0.169840507174,-0.612526663022
16.1172,0.4269664,-0.206921588255,-0.587895759178
16.1505,0.41846,-0.219281948615,-0.273804000864
16.1838,0.4118744,-0.216992992993,-0.111316410393
16.2171,0.40474,-0.227751084418,0.0784752052687
16.2504,0.3959592,-0.218137470804,0.394858210452
16.2837,0.389648,-0.193416750083,0.494145574782
16.317,0.3836112,-0.180140807474,0.441828771269
16.3503,0.3775744,-0.165491491491,0.395812896647
16.3836,0.3726352,-0.153360026693,0.330894235354
16.4169,0.3674216,-0.14374641308,0.286978670362
16.4502,0.3630312,-0.133675008342,0.258719958976
16.4835,0.3589152,-0.131843843844,0.38893915604
16.5168,0.3537016,-0.114218885552,0.680309382901
16.5501,0.3506832,-0.0798845512179,0.79258047949
16.5834,0.3487624,-0.0537904571238,0.690238119334
16.6167,0.3473904,-0.0354788121455,0.598588244568
16.65,0.3462928,-0.0164804804805,0.572047968333
16.6833,0.3462928,0.00274674674675,0.557154863684
16.7166,0.3465672,0.0196850183517,0.568611098029
16.7499,0.3473904,0.0414300967634,0.568611098029
16.7832,0.3495856,0.0579105772439,0.558873298836
16.8165,0.351232,0.0748488488489,0.620164152585
16.8498,0.353976,0.104834167501,0.528514277819
16.8831,0.3589152,0.116507841175,0.277622745646
16.9164,0.362208,0.115592258926,0.218050327048
16.9497,0.3660496,0.127037037037,0.269030569887
16.983,0.3707144,0.137337337337,0.245736226717
17.0163,0.3753792,0.143975308642,0.210603774723
17.0496,0.3803184,0.149239906573,0.236380302002
17.0829,0.3852576,0.157709042376,0.317528628617
17.1162,0.3907456,0.168924924925,0.405168821363
17.1495,0.3959592,0.19204337671,0.281441490428
17.1828,0.4041912,0.196621287955,-0.0628183516627
17.2161,0.4099536,0.178538538539,-0.172225389665
17.2494,0.4154416,0.174876209543,-0.037614636102
17.2827,0.4209296,0.186092092092,-0.161341967037
17.316,0.4286128,0.176020687354,-0.583504202679
17.3493,0.433552,0.140770770771,-0.819120755724
17.3826,0.4379424,0.106207540874,-0.620355089825
17.4159,0.4398632,0.0929315982649,-0.219195950483
17.4492,0.4434304,0.100714047381,-0.0582358579244
17.4825,0.4469976,0.0988828828829,-0.19647441903
17.5158,0.4502904,0.0883536870204,-0.394858210452
17.5491,0.4530344,0.070957624291,-0.545125817621
17.5824,0.4552296,0.0478391725058,-0.556772989205
17.6157,0.4560528,0.0295275275275,-0.440874085074
17.649,0.456876,0.0199139139139,-0.357816386067
17.6823,0.4574248,0.00961361361361,-0.377101047216
17.7156,0.4576992,-0.00480680680681,-0.415861306752
17.7489,0.4571504,-0.0208294961628,-0.392376026343
17.7822,0.4560528,-0.0306720053387,-0.370991055565
17.8155,0.4552296,-0.0432612612613,-0.402304762776
17.8488,0.4533088,-0.0590550550551,-0.396003833886
17.8821,0.4511136,-0.0704998331665,-0.3677451225
17.9154,0.448644,-0.0826312979646,-0.35514326472
17.9487,0.4456256,-0.0945338672005,-0.32764830229
17.982,0.4423328,-0.105520854188,-0.273422126386
18.0153,0.4384912,-0.113303303303,-0.20926721405
18.0486,0.4346496,-0.117423423423,-0.202202536203
18.0819,0.430808,-0.124976976977,-0.245163415
18.1152,0.4264176,-0.135048381715,-0.255855900389
18.1485,0.4217528,-0.143288621955,-0.235807490284
18.1818,0.4168136,-0.150842175509,-0.202584410681
18.2151,0.4116,-0.154962295629,-0.187309431554
18.2484,0.4069352,-0.168009342676,-0.0400968202103
18.2817,0.3998008,-0.163889222556,0.258529021737
18.315,0.3954104,-0.143288621955,0.356861699871
18.3483,0.3907456,-0.133675008342,0.27475868706
18.3816,0.3866296,-0.127265932599,0.229506561394
18.4149,0.3822392,-0.121314647981,0.263493389953
18.4482,0.3783976,-0.110556556557,0.331467047072
18.4815,0.3748304,-0.0981961961962,0.372136678999
18.5148,0.371812,-0.0842335669002,0.368508871456
18.5481,0.3693424,-0.0734754754755,0.356288888154
18.5814,0.3668728,-0.0615729062396,0.374236988629
18.6147,0.3652264,-0.048983650317,0.407269130993
18.648,0.36358,-0.035021021021,0.451375633224
18.6813,0.3627568,-0.0176249582916,0.454048754571
18.7146,0.3624824,-0.00251785118452,0.396003833886
18.7479,0.3627568,0.00824024024024,0.349797022025
18.7812,0.3630312,0.0185405405405,0.362207942566
18.8145,0.3638544,0.0322742742743,0.381874478193
18.8478,0.3652264,0.0450924257591,0.372136678999
18.8811,0.3668728,0.0574527861195,0.344832653808
18.9144,0.369068,0.0686686686687,0.299771465382
18.9477,0.3715376,0.0773667000334,0.259292770693
18.981,0.3742816,0.0844624624625,0.253755590759
19.0143,0.3770256,0.0943049716383,0.246881850152
19.0476,0.3805928,0.103231898565,0.185400059163
19.0809,0.38416,0.105520854188,0.153513540234
19.1142,0.3874528,0.111243243243,0.189982552901
19.1475,0.3915688,0.118339005672,0.229124686916
19.1808,0.3954104,0.12429029029,0.298816779186
19.2141,0.399252,0.143517517518,0.212704084353
19.2474,0.4055632,0.146493159826,-0.0807664521379
19.2807,0.4096792,0.131386052719,-0.20716690442
19.314,0.4137952,0.127265932599,-0.185590996402
19.3473,0.4181856,0.121772439106,-0.206975967181
19.3806,0.4220272,0.114218885552,-0.239244360588
19.4139,0.4258688,0.104376376376,-0.240008109544
19.4472,0.4288872,0.0968228228228,-0.20716690442
19.4805,0.43218,0.0924738071405,-0.224733130417
19.5138,0.4351984,0.084004671338,-0.296334595078
19.5471,0.4379424,0.0711865198532,-0.329366737441
19.5804,0.4398632,0.0597417417417,-0.299580528142
19.6137,0.441784,0.051959292626,-0.281441490428
19.647,0.4434304,0.0418878878879,-0.289078979992
19.6803,0.444528,0.0327320653987,-0.304544896359
19.7136,0.4456256,0.0226606606607,-0.346360151721
19.7469,0.4461744,0.00892692692693,-0.361635130849
19.7802,0.4461744,-0.0032045378712,-0.327839239529
19.8135,0.4459,-0.0137337337337,-0.273613063625
19.8468,0.4450768,-0.0194561227895,-0.268839632648
19.8801,0.4448024,-0.029985318652,-0.306645205989
19.9134,0.443156,-0.0423456790123,-0.282587113863
19.9467,0.441784,-0.0496703370037,-0.232752494459
19.98,0.4398632,-0.056994994995,-0.198956603139
20.0133,0.4379424,-0.0627173840507,-0.16687914697
20.0466,0.4357472,-0.0684397731064,-0.145494176192
20.0799,0.4332776,-0.0727887887888,-0.14148449417
20.1132,0.4305336,-0.070042042042,-0.322683934073
20.1465,0.4297104,-0.0943049716383,-0.479061532893
20.1798,0.4242224,-0.117423423423,-0.233707180654
20.2131,0.4206552,-0.108954287621,0.00400968202098
20.2464,0.4173624,-0.10780980981,-0.00305499582557
20.2797,0.4135208,-0.10780980981,-0.0773295818341
20.313,0.410228,-0.111243243243,-0.184827247445
20.3463,0.4066608,-0.126808141475,-0.0939411216355
20.3796,0.4011728,-0.125663663664,0.210030963006
20.4129,0.3976056,-0.105978645312,0.342541406939
20.4462,0.3945872,-0.0961361361361,0.285451172449
20.4795,0.3912944,-0.0888114781448,0.241535607457
20.5128,0.3885504,-0.0803423423423,0.203348159638
20.5461,0.3860808,-0.0750777444111,0.177380695121
20.5794,0.3836112,-0.070957624291,0.218241264287
20.6127,0.3811416,-0.0613440106773,0.282396176624
20.646,0.3794952,-0.0503570236904,0.301108026055
20.6793,0.3778488,-0.0407434100767,0.302826461207
20.7126,0.3767512,-0.0302142142142,0.304735833598
20.7459,0.375928,-0.0217450784117,0.338722662157
20.7792,0.3751048,-0.00801134467801,0.376719172737
20.8125,0.3753792,0.00595128461795,0.341395783505
20.8458,0.3756536,0.0157937937938,0.271130879517
20.8791,0.3764768,0.0235762429096,0.209649088528
20.9124,0.3773,0.0288408408408,0.179290067512
20.9457,0.3783976,0.0341054387721,0.192655674248
20.979,0.3794952,0.0414300967634,0.214422519505
21.0123,0.3811416,0.0492125458792,0.213085958832
21.0456,0.382788,0.0565372038705,0.184254435728
21.0789,0.3849832,0.0615729062396,0.151222293364
21.1122,0.386904,0.0659219219219,0.139766059019
21.1455,0.3893736,0.0702709376043,0.151222293364
21.1788,0.3915688,0.0750777444111,0.196665356269
21.2121,0.3943128,0.0828601935269,0.250127783216
21.2454,0.3970568,0.0915582248916,0.279150243559
21.2787,0.4000752,0.107123123123,0.141293556931
21.312,0.40474,0.106894227561,-0.148358234778
21.3453,0.4077584,0.0911004337671,-0.271321816756
21.3786,0.4105024,0.0817157157157,-0.189027866706
21.4119,0.412972,0.0787400734067,-0.0836305107243
21.4452,0.415716,0.0780533867201,-0.0211940335397
21.4785,0.4181856,0.0782822822823,-0.00840123852023
21.5118,0.4209296,0.0780533867201,-0.0542261759034
21.5451,0.4231248,0.0808001334668,-0.266548385779
21.5784,0.4269664,0.0654641307975,-0.578730771702
21.6117,0.4283384,0.0288408408408,-0.524313658559
21.645,0.4277896,0.0201428094761,-0.186545682597
21.6783,0.4291616,0.0258651985319,-0.0717924019003
21.7116,0.4299848,0.0222028695362,-0.148167297539
21.7449,0.430808,0.0137337337337,-0.200102226573
21.7782,0.430808,0.00618018018018,-0.186163808119
21.8115,0.4310824,0.00228895562229,-0.187691306032
21.8448,0.4310824,-0.00480680680681,-0.225305942134
21.8781,0.430808,-0.0132759426093,-0.243254042609
21.9114,0.4302592,-0.0228895562229,-0.208694402332
21.9447,0.4291616,-0.0290697364031,-0.127164201238
21.978,0.428064,-0.0286119452786,-0.116853590327
22.0113,0.4275152,-0.0343343343343,-0.174898511012
22.0446,0.4258688,-0.0425745745746,-0.180817565424
22.0779,0.4244968,-0.0469235902569,-0.164969774579
22.1112,0.4228504,-0.0533326659993,-0.140720745214
22.1445,0.4209296,-0.0583683683684,-0.0635821006192
22.1778,0.4187344,-0.0574527861195,0.00649186612927
22.2111,0.417088,-0.0553927260594,0.00286405858646
22.2444,0.4151672,-0.0563083083083,-0.0484980587305
22.2777,0.4132464,-0.056994994995,-0.145685113431
22.311,0.4116,-0.0643196529863,-0.255855900389
22.3443,0.4094048,-0.0814868201535,-0.149694795452
22.3776,0.4055632,-0.0817157157157,0.152749791277
22.4109,0.403368,-0.0654641307975,0.303208335685
22.4442,0.4014472,-0.0537904571238,0.236380302001
22.4775,0.4000752,-0.0496703370037,0.139002310062
22.5108,0.3981544,-0.0476102769436,0.116662653088
22.5441,0.3967824,-0.0425745745746,0.127546075716
22.5774,0.3954104,-0.0393700367034,0.15217697956
22.6107,0.3940384,-0.0327320653987,0.180626628185
22.644,0.3932152,-0.0258651985319,0.166688209731
22.6773,0.392392,-0.0210583917251,0.137474812149
22.7106,0.3918432,-0.0171671671672,0.122199833022
22.7439,0.3912944,-0.0144204204204,0.149503858213
22.7772,0.3907456,-0.00778244911578,0.191128176336
22.8105,0.3907456,-0.000228895562229,0.187691306032
22.8438,0.3907456,0.00640907574241,0.135947314237
22.8771,0.3912944,0.00961361361361,0.065300535771
22.9104,0.3915688,0.00801134467801,0.0658733474883
22.9437,0.3915688,0.0125892559226,0.106733916655
22.977,0.392392,0.0176249582916,0.0914589375272
23.0103,0.3929408,0.0183116449783,0.0822939500506
23.0436,0.3934896,0.0217450784117,0.0990964270911
23.0769,0.3943128,0.0265518852186,0.0769477073559
23.1102,0.3954104,0.0276963630297,0.0393330712539
23.1435,0.3962336,0.027009676343,0.0588086696417
23.1768,0.3970568,0.0302142142142,0.118762962718
23.2101,0.3981544,0.0359366032699,0.163442276667
23.2434,0.3995264,0.0414300967634,0.192464737009
23.2767,0.4008984,0.0473813813814,0.223778444221
23.31,0.4022704,0.0615729062396,0.10768860285
23.3433,0.4055632,0.0606573239907,-0.15847790845
23.3766,0.4069352,0.043032365699,-0.220723448396
23.4099,0.4077584,0.0407434100767,-0.133274192889
23.4432,0.4096792,0.0382255588922,-0.123727330935
23.4765,0.4105024,0.032045378712,-0.102342360156
23.5098,0.4116,0.0309009009009,-0.0721742763785
23.5431,0.4126976,0.027009676343,-0.035514326472
23.5764,0.4132464,0.0274674674675,0.0164206025623
23.6097,0.414344,0.0318164831498,-0.0328412051246
23.643,0.415716,0.0272385719052,-0.132319506694
23.6763,0.4162648,0.0194561227895,-0.141484494171
23.7096,0.4168136,0.0162515849183,-0.101005799482
23.7429,0.4173624,0.0132759426093,-0.067209908162
23.7762,0.4176368,0.0123603603604,-0.0555627365771
23.8095,0.4181856,0.010986986987,-0.0868764437889
23.8428,0.41846,0.0070957624291,-0.131173883259
23.8761,0.4187344,0.000915582248916,-0.135374502519
23.9094,0.41846,-0.00343343343343,-0.0918408120054
23.9427,0.41846,-0.00595128461795,-0.0282587113863
23.976,0.4179112,-0.00434901568235,0.0055371799338
24.0093,0.4181856,-0.00297564230898,-0.0337958913201
24.0426,0.4179112,-0.00686686686687,-0.0723652136176
24.0759,0.4176368,-0.00892692692693,-0.0807664521378
24.1092,0.4173624,-0.0123603603604,-0.0763748956386
24.1425,0.4168136,-0.0151071071071,-0.0393330712539
24.1758,0.4162648,-0.0153360026693,0.00343687030374
24.2091,0.415716,-0.0135048381715,0.00840123852025
24.2424,0.4154416,-0.0135048381715,-0.0227215314525
24.2757,0.4148928,-0.0157937937938,-0.0330321423637
24.309,0.414344,-0.0167093760427,-0.0135565439759
24.3423,0.4137952,-0.0176249582916,0.0259674645171
24.3756,0.412972,-0.0137337337337,0.0274949624299
24.4089,0.412972,-0.0125892559226,-0.0515530545561
24.4422,0.4124232,-0.0187694361028,-0.0859217575934
24.4755,0.4116,-0.021973973974,-0.0219577824961
24.5088,0.4107768,-0.0201428094761,0.0448702511877
24.5421,0.410228,-0.0169382716049,0.0549899248598
24.5754,0.4096792,-0.0146493159826,0.0103106109112
24.6087,0.4094048,-0.0164804804805,-0.0320774561682
24.642,0.4085816,-0.0187694361028,-0.0200484101051
24.6753,0.4080328,-0.0178538538539,0.00171843515187
24.7086,0.407484,-0.0187694361028,0.0297862092991
24.7419,0.4066608,-0.0162515849183,0.0647277240537
24.7752,0.4063864,-0.0132759426093,0.0662552219665
24.8085,0.4058376,-0.0116736736737,0.0595724185981
24.8418,0.4055632,-0.00915582248916,0.0460158746223
24.8751,0.4052888,-0.00846913580247,0.0328412051246
24.9084,0.4050144,-0.00778244911578,0.0421971298403
24.9417,0.40474,-0.00640907574241,0.0681645943575
24.975,0.4044656,-0.00206006006006,0.0651095985319
25.0083,0.40474,-0.000915582248916,0.0307408954945
25.0416,0.4044656,-0.0016022689356,0.0332230796028
25.0749,0.4044656,0.0016022689356,0.0318865189291
25.1082,0.40474,0.000915582248916,0.0227215314525
25.1415,0.4044656,0.00183116449783,0.0402877574494
25.1748,0.40474,0.00526459793126,0.0147021674104
25.2081,0.4050144,0.00366232899566,-0.027685899669
25.2414,0.4050144,0.00137337337337,-0.015847790845
25.2747,0.4050144,0.00137337337337,0.0299771465382
25.308,0.4050144,0.00412012012012,0.0555627365771
25.3413,0.4052888,0.00686686686687,0.0288315231036
25.3746,0.4055632,0.00686686686687,-0.0210030963006
25.4079,0.4058376,0.00434901568235,-0.0381874478193
25.4412,0.4058376,0.00228895562229,0.00152749791277
25.4745,0.4058376,0.00434901568235,0.0460158746223
25.5078,0.406112,0.0070957624291,0.0427699415576
25.5411,0.4063864,0.00801134467801,0.00897405023754
25.5744,0.4066608,0.00778244911578,-0.0324593306464
25.6077,0.4069352,0.00618018018018,-0.0742745860085
25.641,0.4072096,0.00137337337337,-0.0700739667484
25.6743,0.4069352,-0.000915582248916,-0.000954686195484
25.7076,0.4069352,0.00251785118452,0.0381874478193
25.7409,0.4072096,0.00366232899566,0.0202393473442
25.7742,0.4072096,0.00389122455789,-0.00649186612928
25.8075,0.407484,0.0032045378712,-0.0328412051246
25.8408,0.407484,0.000915582248916,-0.0339868285592
25.8741,0.407484,0.000228895562229,-0.0129837322586
25.9074,0.407484,0.000228895562229,0.00362780754283
25.9407,0.407484,0.000686686686687,0.0105015481503
25.974,0.407484,0.00206006006006,-0.0127927950195
26.0073,0.4077584,0,-0.0399058829712
26.0406,0.407484,-0.00228895562229,-0.0215759080179
26.0739,0.407484,-0.00137337337337,0.00114562343458
26.1072,0.407484,-0.00228895562229,0.0269221507126
26.1405,0.4072096,0.000228895562229,0.0500255566433
26.1738,0.407484,0.00274674674675,0.0234852804089
26.2071,0.407484,0.00274674674675,-0.0284496486254
26.2404,0.4077584,0,-0.0555627365771
26.2737,0.407484,-0.00274674674675,-0.0299771465382
26.307,0.407484,-0.00274674674675,0.0160387280841
26.3403,0.4072096,-0.000457791124458,0.0294043348209
26.3736,0.407484,0.00114447781114,-0.00572811717289
26.4069,0.407484,-0.00206006006006,-0.0114562343458
26.4402,0.4072096,-0.00183116449783,0.0360871381892
26.4735,0.4072096,0.00206006006006,0.0410515064058
26.5068,0.407484,0.00274674674675,-0.00190937239097
26.5401,0.407484,0.000915582248916,-0.023676217648
26.5734,0.407484,0.000228895562229,-0.0206212218224
26.6067,0.407484,-0.000228895562229,-0.0166115398014
26.64,0.407484,-0.000686686686687,-0.0133656067368
26.6733,0.407484,-0.00206006006006,0.0110743598676
26.7066,0.4072096,0,0.0332230796028
26.7399,0.407484,0.00206006006006,0.00362780754283
26.7732,0.407484,0.000457791124458,-0.0351324519938
26.8065,0.407484,-0.000915582248916,-0.0546080503816
26.8398,0.407484,-0.00389122455789,-0.0450611884268
26.8731,0.4072096,-0.00572238905572,0.0145112301713
26.9064,0.4069352,-0.00297564230898,0.0696920922702
26.9397,0.4069352,0.0016022689356,0.0528896152297
26.973,0.4072096,0.00206006006006,-0.00496436821651
27.0063,0.4072096,-0.00114447781114,-0.00439155649922
27.0396,0.4069352,0.000457791124458,0.02959527206
27.0729,0.4072096,0.00274674674675,0.0145112301713
27.1062,0.4072096,0.00274674674675,-0.0406696319276
27.1395,0.407484,0,-0.10768860285
27.1728,0.4072096,-0.00457791124458,-0.164206025623
27.2061,0.4072096,-0.0100714047381,-0.21346783331
27.2394,0.4069352,-0.0242629295963,-0.104442669786
27.2727,0.4050144,-0.0224317650984,0.143584803801
27.306,0.4050144,-0.0086980313647,0.231034059307
27.3393,0.40474,-0.0016022689356,0.158096033972
27.3726,0.4050144,0.00206006006006,0.0542261759034
27.4059,0.4050144,0.000457791124458,-0.00763748956386
27.4392,0.4050144,-0.000228895562229,-0.00916498747663
27.4725,0.4050144,-0.00137337337337,0.0288315231036
27.5058,0.40474,0.00206006006006,0.0727470880958
27.5391,0.4052888,0.00389122455789,0.104442669786
27.5724,0.4050144,0.00572238905572,0.190555364618
27.6057,0.4050144,0.0224317650984,0.113225782784
27.639,0.4072096,0.0206006006006,-0.144921364474
27.6723,0.4069352,0.00457791124458,-0.193801297683
27.7056,0.4069352,0.00183116449783,-0.0821030128115
27.7389,0.4069352,0.00251785118452,-0.0332230796028
27.7722,0.4072096,0.00206006006006,-0.0450611884268
27.8055,0.4072096,-0.00183116449783,-0.0347505775156
27.8388,0.4069352,-0.00206006006006,0.0192846611487
27.8721,0.4069352,0.00137337337337,0.027685899669
27.9054,0.4072096,0.000686686686687,0.00954686195483
27.9387,0.4069352,0.000915582248916,0.01225817075
27.972,0.4072096,0.00228895562229,-0.00389511967757
28.0053,0.4072096,0.000686686686687,-0.0179862879229
28.0386,0.4072096,0.000274674674675,-0.0117999213762
28.0719,0.4072096,0,-0.00721742763785
28.1052,0.4072096,0,-0.00252037155607
